{
	"type": "apotheosis:potion_charm",
	"conditions": [{
		"type": "apotheosis:module",
		"module": "potion"
	}],
	"recipe": [
		[{
				"item": "minecraft:gold_ingot"
			},
			{
				"item": "irons_spellbooks:arcane_salvage"
			},
			{
				"item": "minecraft:gold_ingot"
			}
		],
		[
			{
				"item": "irons_spellbooks:arcane_salvage"
			},
			"potion",
			{
				"item": "irons_spellbooks:arcane_salvage"
			}
		],
		[{
				"item": "minecraft:gold_ingot"
			},
			{
				"item": "irons_spellbooks:arcane_salvage"
			},
			{
				"item": "minecraft:gold_ingot"
			}
		]
	]
}